3001,,0,0,1,1,1,0,0,0,0,0,0,0,1,0,0,0,19995,17,0,9,21,3300100000,,0,9,997,0,65,0,65,0,0,0,0,1,1,0,0,0,0,0,0,0,0,0,0,0,0,0,0,0,0,0,0,0,0,0,0,0,0,0,9,9,9,9,9,9,,9,9,9,9,0,0,0,0,0,0,0,0,0,0,0,0,0,0,0,0,0,0,0,0,0,0,0,0,0,0,,05,CHICKEN FRESH WHOLE KG,,,,,,,0,0,0,0,0
3002,,0,0,1,1,1,0,0,0,0,0,0,0,1,0,0,0,24695,17,0,9,21,3300200000,,0,9,997,0,65,0,65,0,0,0,0,1,1,0,0,0,0,0,0,0,0,0,0,0,0,0,0,0,0,0,0,0,0,0,0,0,0,0,9,9,9,9,9,9,,9,9,9,9,0,0,0,0,0,0,0,0,0,0,0,0,0,0,0,0,0,0,0,0,0,0,0,0,0,0,,05,CHICKEN FRESH BALADY CHICKEN,,,,,,,0,0,0,0,0
3004,,0,0,1,1,1,0,0,0,0,0,0,0,1,0,0,0,17995,17,0,9,21,3300400000,,0,9,997,0,65,0,65,0,0,0,0,1,1,0,0,0,0,0,0,0,0,0,0,0,0,0,0,0,0,0,0,0,0,0,0,0,0,0,9,9,9,9,9,9,,9,9,9,9,0,0,0,0,0,0,0,0,0,0,0,0,0,0,0,0,0,0,0,0,0,0,0,0,0,0,,05,CHICKEN BREAST FILLET/KG,,,,,,,0,0,0,0,0
3005,,0,0,1,1,1,0,0,0,0,0,0,0,1,0,0,0,27595,17,0,9,21,3300500000,,0,9,997,0,65,0,65,0,0,0,0,1,1,0,0,0,0,0,0,0,0,0,0,0,0,0,0,0,0,0,0,0,0,0,0,0,0,0,9,9,9,9,9,9,,9,9,9,9,0,0,0,0,0,0,0,0,0,0,0,0,0,0,0,0,0,0,0,0,0,0,0,0,0,0,,05,CHICKEN SHISH/KG,,,,,,,0,0,0,0,0
3006,,0,0,1,1,1,0,0,0,0,0,0,0,1,0,0,0,9995,17,0,9,21,3300600000,,0,9,997,0,65,0,65,0,0,0,0,1,1,0,0,0,0,0,0,0,0,0,0,0,0,0,0,0,0,0,0,0,0,0,0,0,0,0,9,9,9,9,9,9,,9,9,9,9,0,0,0,0,0,0,0,0,0,0,0,0,0,0,0,0,0,0,0,0,0,0,0,0,0,0,,05,CHICKEN LEGS/KG,,,,,,,0,0,0,0,0
3007,,0,0,1,1,1,0,0,0,0,0,0,0,1,0,0,0,14895,17,0,9,21,3300700000,,0,9,997,0,65,0,65,0,0,0,0,1,1,0,0,0,0,0,0,0,0,0,0,0,0,0,0,0,0,0,0,0,0,0,0,0,0,0,9,9,9,9,9,9,,9,9,9,9,0,0,0,0,0,0,0,0,0,0,0,0,0,0,0,0,0,0,0,0,0,0,0,0,0,0,,05,CHICKEN DRUMSTICK/KG,,,,,,,0,0,0,0,0
3008,,0,0,1,1,1,0,0,0,0,0,0,0,1,0,0,0,13495,17,0,9,21,3300800000,,0,9,997,0,65,0,65,0,0,0,0,1,1,0,0,0,0,0,0,0,0,0,0,0,0,0,0,0,0,0,0,0,0,0,0,0,0,0,9,9,9,9,9,9,,9,9,9,9,0,0,0,0,0,0,0,0,0,0,0,0,0,0,0,0,0,0,0,0,0,0,0,0,0,0,,05,CHICKEN LIVER/KG,,,,,,,0,0,0,0,0
3009,,0,0,1,1,1,0,0,0,0,0,0,0,1,0,0,0,12495,17,0,9,21,3300900000,,0,9,997,0,65,0,65,0,0,0,0,1,1,0,0,0,0,0,0,0,0,0,0,0,0,0,0,0,0,0,0,0,0,0,0,0,0,0,9,9,9,9,9,9,,9,9,9,9,0,0,0,0,0,0,0,0,0,0,0,0,0,0,0,0,0,0,0,0,0,0,0,0,0,0,,05,CHICKEN GIZZARD/KG,,,,,,,0,0,0,0,0
3010,,0,0,1,1,1,0,0,0,0,0,0,0,1,0,0,0,10495,17,0,9,21,3301000000,,0,9,997,0,65,0,65,0,0,0,0,1,1,0,0,0,0,0,0,0,0,0,0,0,0,0,0,0,0,0,0,0,0,0,0,0,0,0,9,9,9,9,9,9,,9,9,9,9,0,0,0,0,0,0,0,0,0,0,0,0,0,0,0,0,0,0,0,0,0,0,0,0,0,0,,05,CHICKEN WINGS/KG,,,,,,,0,0,0,0,0
3011,,0,0,1,1,1,0,0,0,0,0,0,0,1,0,0,0,15795,17,0,9,21,3301100000,,0,9,997,0,65,0,65,0,0,0,0,1,1,0,0,0,0,0,0,0,0,0,0,0,0,0,0,0,0,0,0,0,0,0,0,0,0,0,9,9,9,9,9,9,,9,9,9,9,0,0,0,0,0,0,0,0,0,0,0,0,0,0,0,0,0,0,0,0,0,0,0,0,0,0,,05,WHOLE CHICKEN MARINATED,,,,,,,0,0,0,0,0
3012,,0,0,1,1,1,0,0,0,0,0,0,0,1,0,0,0,3995,17,0,9,21,3301200000,,0,9,997,0,65,0,65,0,0,0,0,1,1,0,0,0,0,0,0,0,0,0,0,0,0,0,0,0,0,0,0,0,0,0,0,0,0,0,9,9,9,9,9,9,,9,9,9,9,0,0,0,0,0,0,0,0,0,0,0,0,0,0,0,0,0,0,0,0,0,0,0,0,0,0,,05,CHICKEN BONES/KG,,,,,,,0,0,0,0,0
3013,,0,0,1,1,1,0,0,0,0,0,0,0,1,0,0,0,17695,17,0,9,21,3301300000,,0,9,997,0,65,0,65,0,0,0,0,1,1,0,0,0,0,0,0,0,0,0,0,0,0,0,0,0,0,0,0,0,0,0,0,0,0,0,9,9,9,9,9,9,,9,9,9,9,0,0,0,0,0,0,0,0,0,0,0,0,0,0,0,0,0,0,0,0,0,0,0,0,0,0,,05,CHICKEN BREAST BONE IN/KG,,,,,,,0,0,0,0,0
3014,,0,0,1,1,1,0,0,0,0,0,0,0,1,0,0,0,17695,17,0,9,21,3301400000,,0,9,997,0,65,0,65,0,0,0,0,1,1,0,0,0,0,0,0,0,0,0,0,0,0,0,0,0,0,0,0,0,0,0,0,0,0,0,9,9,9,9,9,9,,9,9,9,9,0,0,0,0,0,0,0,0,0,0,0,0,0,0,0,0,0,0,0,0,0,0,0,0,0,0,,05,CHICKEN BRESTS MARINATED BONE IN/KG,,,,,,,0,0,0,0,0
3015,,0,0,1,1,1,0,0,0,0,0,0,0,1,0,0,0,16595,17,0,9,21,3301500000,,0,9,997,0,72,0,72,0,0,0,0,1,1,0,0,0,0,0,0,0,0,0,0,0,0,0,0,0,0,0,0,0,0,0,0,0,0,0,9,9,9,9,9,9,,9,9,9,9,0,0,0,0,0,0,0,0,0,0,0,0,0,0,0,0,0,0,0,0,0,0,0,0,0,0,,05,SHAHD WHOLE CHICKEN KG,,,,,,,0,0,0,0,0
3065,,0,0,1,1,1,0,0,0,0,0,0,0,1,0,0,0,99995,17,0,9,21,3306500000,,0,9,997,0,72,0,72,0,0,0,0,1,1,0,0,0,0,0,0,0,0,0,0,0,0,0,0,0,0,0,0,0,0,0,0,0,0,0,9,9,9,9,9,9,,9,9,9,9,0,0,0,0,0,0,0,0,0,0,0,0,0,0,0,0,0,0,0,0,0,0,0,0,0,0,,05,ROFI-ROWAD WHOLE CHICKEN LOOSE,,,,,,,0,0,0,0,0
3066,,0,0,1,1,1,0,0,0,0,0,0,0,1,0,0,0,99995,17,0,9,21,3306600000,,0,9,997,0,72,0,72,0,0,0,0,1,1,0,0,0,0,0,0,0,0,0,0,0,0,0,0,0,0,0,0,0,0,0,0,0,0,0,9,9,9,9,9,9,,9,9,9,9,0,0,0,0,0,0,0,0,0,0,0,0,0,0,0,0,0,0,0,0,0,0,0,0,0,0,,05,ROFI-ROWAD CHICKEN FILLET LOOSE,,,,,,,0,0,0,0,0
3067,,0,0,1,1,1,0,0,0,0,0,0,0,1,0,0,0,99995,17,0,9,21,3306700000,,0,9,997,0,72,0,72,0,0,0,0,1,1,0,0,0,0,0,0,0,0,0,0,0,0,0,0,0,0,0,0,0,0,0,0,0,0,0,9,9,9,9,9,9,,9,9,9,9,0,0,0,0,0,0,0,0,0,0,0,0,0,0,0,0,0,0,0,0,0,0,0,0,0,0,,05,ROFI-ROWAD CHICKEN LEGS LOOSE,,,,,,,0,0,0,0,0
3068,,0,0,1,1,1,0,0,0,0,0,0,0,1,0,0,0,99995,17,0,9,21,3306800000,,0,9,997,0,72,0,72,0,0,0,0,1,1,0,0,0,0,0,0,0,0,0,0,0,0,0,0,0,0,0,0,0,0,0,0,0,0,0,9,9,9,9,9,9,,9,9,9,9,0,0,0,0,0,0,0,0,0,0,0,0,0,0,0,0,0,0,0,0,0,0,0,0,0,0,,05,ROFI-ROWAD CHICKEN DRUMSTICK LOOSE,,,,,,,0,0,0,0,0
3069,,0,0,1,1,1,0,0,0,0,0,0,0,1,0,0,0,99995,17,0,9,21,3306900000,,0,9,997,0,72,0,72,0,0,0,0,1,1,0,0,0,0,0,0,0,0,0,0,0,0,0,0,0,0,0,0,0,0,0,0,0,0,0,9,9,9,9,9,9,,9,9,9,9,0,0,0,0,0,0,0,0,0,0,0,0,0,0,0,0,0,0,0,0,0,0,0,0,0,0,,05,ROFI-ROWAD CHICKEN LIVER LOOSE,,,,,,,0,0,0,0,0
3070,,0,0,1,1,1,0,0,0,0,0,0,0,1,0,0,0,99995,17,0,9,21,3307000000,,0,9,997,0,72,0,72,0,0,0,0,1,1,0,0,0,0,0,0,0,0,0,0,0,0,0,0,0,0,0,0,0,0,0,0,0,0,0,9,9,9,9,9,9,,9,9,9,9,0,0,0,0,0,0,0,0,0,0,0,0,0,0,0,0,0,0,0,0,0,0,0,0,0,0,,05,BREAST BONLIN LOSS/KG,,,,,,,0,0,0,0,0
3079,,0,0,1,1,1,0,0,0,0,0,0,0,1,0,0,0,99995,17,0,9,21,3307900000,,0,9,997,0,72,0,72,0,0,0,0,1,1,0,0,0,0,0,0,0,0,0,0,0,0,0,0,0,0,0,0,0,0,0,0,0,0,0,9,9,9,9,9,9,,9,9,9,9,0,0,0,0,0,0,0,0,0,0,0,0,0,0,0,0,0,0,0,0,0,0,0,0,0,0,,05,ROFI-ROWAD CHICKEN GIZZERD LOOSE,,,,,,,0,0,0,0,0
3080,,0,0,1,1,1,0,0,0,0,0,0,0,1,0,0,0,99995,17,0,9,21,3308000000,,0,9,997,0,72,0,72,0,0,0,0,1,1,0,0,0,0,0,0,0,0,0,0,0,0,0,0,0,0,0,0,0,0,0,0,0,0,0,9,9,9,9,9,9,,9,9,9,9,0,0,0,0,0,0,0,0,0,0,0,0,0,0,0,0,0,0,0,0,0,0,0,0,0,0,,05,ROFI-ROWAD CHICKEN WINGS LOOSE,,,,,,,0,0,0,0,0
3081,,0,0,1,1,1,0,0,0,0,0,0,0,1,0,0,0,99995,17,0,9,21,3308100000,,0,9,997,0,72,0,72,0,0,0,0,1,1,0,0,0,0,0,0,0,0,0,0,0,0,0,0,0,0,0,0,0,0,0,0,0,0,0,9,9,9,9,9,9,,9,9,9,9,0,0,0,0,0,0,0,0,0,0,0,0,0,0,0,0,0,0,0,0,0,0,0,0,0,0,,05,ROFI-ROWAD CHICKEN BREAST LOOSE,,,,,,,0,0,0,0,0
3082,,0,0,1,1,1,0,0,0,0,0,0,0,1,0,0,0,99995,17,0,9,21,3308200000,,0,9,997,0,72,0,72,0,0,0,0,1,1,0,0,0,0,0,0,0,0,0,0,0,0,0,0,0,0,0,0,0,0,0,0,0,0,0,9,9,9,9,9,9,,9,9,9,9,0,0,0,0,0,0,0,0,0,0,0,0,0,0,0,0,0,0,0,0,0,0,0,0,0,0,,05,ROFI-ROWAD CHICKEN SHISH LOOSE,,,,,,,0,0,0,0,0
3083,,0,0,1,1,1,0,0,0,0,0,0,0,1,0,0,0,99900,17,0,9,21,3308300000,,0,9,997,0,72,0,72,0,0,0,0,1,1,0,0,0,0,0,0,0,0,0,0,0,0,0,0,0,0,0,0,0,0,0,0,0,0,0,9,9,9,9,9,9,,9,9,9,9,0,0,0,0,0,0,0,0,0,0,0,0,0,0,0,0,0,0,0,0,0,0,0,0,0,0,,05,HALA CHICKEN FILLET LOOSE KG,,,,,,,0,0,0,0,0
3084,,0,0,1,1,1,0,0,0,0,0,0,0,1,0,0,0,99900,17,0,9,21,3308400000,,0,9,997,0,72,0,72,0,0,0,0,1,1,0,0,0,0,0,0,0,0,0,0,0,0,0,0,0,0,0,0,0,0,0,0,0,0,0,9,9,9,9,9,9,,9,9,9,9,0,0,0,0,0,0,0,0,0,0,0,0,0,0,0,0,0,0,0,0,0,0,0,0,0,0,,05,HALA CHICKEN SHISH LOOSE KG,,,,,,,0,0,0,0,0
3085,,0,0,1,1,1,0,0,0,0,0,0,0,1,0,0,0,24595,17,0,9,21,3308500000,,0,9,997,0,65,0,65,0,0,0,0,1,1,0,0,0,0,0,0,0,0,0,0,0,0,0,0,0,0,0,0,0,0,0,0,0,0,0,9,9,9,9,9,9,,9,9,9,9,0,0,0,0,0,0,0,0,0,0,0,0,0,0,0,0,0,0,0,0,0,0,0,0,0,0,,05,CHICKEN FRESH DUCK MULLER,,,,,,,0,0,0,0,0
3101,,0,0,1,1,1,0,0,0,0,0,0,0,1,0,0,0,28795,17,0,9,21,3310100000,,0,9,997,0,65,0,65,0,0,0,0,1,1,0,0,0,0,0,0,0,0,0,0,0,0,0,0,0,0,0,0,0,0,0,0,0,0,0,9,9,9,9,9,9,,9,9,9,9,0,0,0,0,0,0,0,0,0,0,0,0,0,0,0,0,0,0,0,0,0,0,0,0,0,0,,05,CHICKEN FRESH RABBET,,,,,,,0,0,0,0,0
3103,,0,0,1,1,1,0,0,0,0,0,0,0,1,0,0,0,25995,17,0,9,21,3310300000,,0,9,997,0,65,0,65,0,0,0,0,1,1,0,0,0,0,0,0,0,0,0,0,0,0,0,0,0,0,0,0,0,0,0,0,0,0,0,9,9,9,9,9,9,,9,9,9,9,0,0,0,0,0,0,0,0,0,0,0,0,0,0,0,0,0,0,0,0,0,0,0,0,0,0,,05,CHICKEN SHAWERMA/KG,,,,,,,0,0,0,0,0
3104,,0,0,1,1,1,0,0,0,0,0,0,0,1,0,0,0,25995,17,0,9,21,3310400000,,0,9,997,0,65,0,65,0,0,0,0,1,1,0,0,0,0,0,0,0,0,0,0,0,0,0,0,0,0,0,0,0,0,0,0,0,0,0,9,9,9,9,9,9,,9,9,9,9,0,0,0,0,0,0,0,0,0,0,0,0,0,0,0,0,0,0,0,0,0,0,0,0,0,0,,05,CHICKEN SAUSAGE/KG,,,,,,,0,0,0,0,0
3105,,0,0,1,1,1,0,0,0,0,0,0,0,1,0,0,0,25995,17,0,9,21,3310500000,,0,9,997,0,65,0,65,0,0,0,0,1,1,0,0,0,0,0,0,0,0,0,0,0,0,0,0,0,0,0,0,0,0,0,0,0,0,0,9,9,9,9,9,9,,9,9,9,9,0,0,0,0,0,0,0,0,0,0,0,0,0,0,0,0,0,0,0,0,0,0,0,0,0,0,,05,CHICKEN KOFTA/KG,,,,,,,0,0,0,0,0
3106,,0,0,1,1,1,0,0,0,0,0,0,0,1,0,0,0,25995,17,0,9,21,3310600000,,0,9,997,0,65,0,65,0,0,0,0,1,1,0,0,0,0,0,0,0,0,0,0,0,0,0,0,0,0,0,0,0,0,0,0,0,0,0,9,9,9,9,9,9,,9,9,9,9,0,0,0,0,0,0,0,0,0,0,0,0,0,0,0,0,0,0,0,0,0,0,0,0,0,0,,05,CHICKEN FILLET CURRY/KG,,,,,,,0,0,0,0,0
3107,,0,0,1,1,1,0,0,0,0,0,0,0,1,0,0,0,25995,17,0,9,21,3310700000,,0,9,997,0,65,0,65,0,0,0,0,1,1,0,0,0,0,0,0,0,0,0,0,0,0,0,0,0,0,0,0,0,0,0,0,0,0,0,9,9,9,9,9,9,,9,9,9,9,0,0,0,0,0,0,0,0,0,0,0,0,0,0,0,0,0,0,0,0,0,0,0,0,0,0,,05,CHICKEN FILLET TANDOORI/KG,,,,,,,0,0,0,0,0
3108,,0,0,1,1,1,0,0,0,0,0,0,0,1,0,0,0,25995,17,0,9,21,3310800000,,0,9,997,0,65,0,65,0,0,0,0,1,1,0,0,0,0,0,0,0,0,0,0,0,0,0,0,0,0,0,0,0,0,0,0,0,0,0,9,9,9,9,9,9,,9,9,9,9,0,0,0,0,0,0,0,0,0,0,0,0,0,0,0,0,0,0,0,0,0,0,0,0,0,0,,05,CHICKEN FILLET HERBS/KG,,,,,,,0,0,0,0,0
3109,,0,0,1,1,1,0,0,0,0,0,0,0,1,0,0,0,15795,17,0,9,21,3310900000,,0,9,997,0,65,0,65,0,0,0,0,1,1,0,0,0,0,0,0,0,0,0,0,0,0,0,0,0,0,0,0,0,0,0,0,0,0,0,9,9,9,9,9,9,,9,9,9,9,0,0,0,0,0,0,0,0,0,0,0,0,0,0,0,0,0,0,0,0,0,0,0,0,0,0,,05,WHOLE CHICKEN CURRY/KG,,,,,,,0,0,0,0,0
3110,,0,0,1,1,1,0,0,0,0,0,0,0,1,0,0,0,15795,17,0,9,21,3311000000,,0,9,997,0,65,0,65,0,0,0,0,1,1,0,0,0,0,0,0,0,0,0,0,0,0,0,0,0,0,0,0,0,0,0,0,0,0,0,9,9,9,9,9,9,,9,9,9,9,0,0,0,0,0,0,0,0,0,0,0,0,0,0,0,0,0,0,0,0,0,0,0,0,0,0,,05,WHOLE CHICKEN TANDOORI/KG,,,,,,,0,0,0,0,0
3111,,0,0,1,1,1,0,0,0,0,0,0,0,1,0,0,0,15795,17,0,9,21,3311100000,,0,9,997,0,65,0,65,0,0,0,0,1,1,0,0,0,0,0,0,0,0,0,0,0,0,0,0,0,0,0,0,0,0,0,0,0,0,0,9,9,9,9,9,9,,9,9,9,9,0,0,0,0,0,0,0,0,0,0,0,0,0,0,0,0,0,0,0,0,0,0,0,0,0,0,,05,WHOLE CHICKEN HERBS/KG,,,,,,,0,0,0,0,0
3112,,0,0,1,1,1,0,0,0,0,0,0,0,1,0,0,0,13695,17,0,9,21,3311200000,,0,9,997,0,65,0,65,0,0,0,0,1,1,0,0,0,0,0,0,0,0,0,0,0,0,0,0,0,0,0,0,0,0,0,0,0,0,0,9,9,9,9,9,9,,9,9,9,9,0,0,0,0,0,0,0,0,0,0,0,0,0,0,0,0,0,0,0,0,0,0,0,0,0,0,,05,CHICKEN LEGS CURRY/KG,,,,,,,0,0,0,0,0
3113,,0,0,1,1,1,0,0,0,0,0,0,0,1,0,0,0,13695,17,0,9,21,3311300000,,0,9,997,0,65,0,65,0,0,0,0,1,1,0,0,0,0,0,0,0,0,0,0,0,0,0,0,0,0,0,0,0,0,0,0,0,0,0,9,9,9,9,9,9,,9,9,9,9,0,0,0,0,0,0,0,0,0,0,0,0,0,0,0,0,0,0,0,0,0,0,0,0,0,0,,05,CHICKEN LEGS TANDOORI/KG,,,,,,,0,0,0,0,0
3114,,0,0,1,1,1,0,0,0,0,0,0,0,1,0,0,0,13695,17,0,9,21,3311400000,,0,9,997,0,65,0,65,0,0,0,0,1,1,0,0,0,0,0,0,0,0,0,0,0,0,0,0,0,0,0,0,0,0,0,0,0,0,0,9,9,9,9,9,9,,9,9,9,9,0,0,0,0,0,0,0,0,0,0,0,0,0,0,0,0,0,0,0,0,0,0,0,0,0,0,,05,CHICKEN LEGS HERBS/KG,,,,,,,0,0,0,0,0
3115,,0,0,1,1,1,0,0,0,0,0,0,0,1,0,0,0,27595,17,0,9,21,3311500000,,0,9,997,0,65,0,65,0,0,0,0,1,1,0,0,0,0,0,0,0,0,0,0,0,0,0,0,0,0,0,0,0,0,0,0,0,0,0,9,9,9,9,9,9,,9,9,9,9,0,0,0,0,0,0,0,0,0,0,0,0,0,0,0,0,0,0,0,0,0,0,0,0,0,0,,05,CHICKEN SHISH CURRY/KG,,,,,,,0,0,0,0,0
3116,,0,0,1,1,1,0,0,0,0,0,0,0,1,0,0,0,27595,17,0,9,21,3311600000,,0,9,997,0,65,0,65,0,0,0,0,1,1,0,0,0,0,0,0,0,0,0,0,0,0,0,0,0,0,0,0,0,0,0,0,0,0,0,9,9,9,9,9,9,,9,9,9,9,0,0,0,0,0,0,0,0,0,0,0,0,0,0,0,0,0,0,0,0,0,0,0,0,0,0,,05,CHICKEN SHISH TANDOORI/KG,,,,,,,0,0,0,0,0
3117,,0,0,1,1,1,0,0,0,0,0,0,0,1,0,0,0,27595,17,0,9,21,3311700000,,0,9,997,0,65,0,65,0,0,0,0,1,1,0,0,0,0,0,0,0,0,0,0,0,0,0,0,0,0,0,0,0,0,0,0,0,0,0,9,9,9,9,9,9,,9,9,9,9,0,0,0,0,0,0,0,0,0,0,0,0,0,0,0,0,0,0,0,0,0,0,0,0,0,0,,05,CHICKEN SHISH HERBS/KG,,,,,,,0,0,0,0,0
3118,,0,0,1,1,1,0,0,0,0,0,0,0,1,0,0,0,10495,17,0,9,21,3311800000,,0,9,997,0,65,0,65,0,0,0,0,1,1,0,0,0,0,0,0,0,0,0,0,0,0,0,0,0,0,0,0,0,0,0,0,0,0,0,9,9,9,9,9,9,,9,9,9,9,0,0,0,0,0,0,0,0,0,0,0,0,0,0,0,0,0,0,0,0,0,0,0,0,0,0,,05,CHICKEN WINGS CURRY/KG,,,,,,,0,0,0,0,0
3119,,0,0,1,1,1,0,0,0,0,0,0,0,1,0,0,0,10495,17,0,9,21,3311900000,,0,9,997,0,65,0,65,0,0,0,0,1,1,0,0,0,0,0,0,0,0,0,0,0,0,0,0,0,0,0,0,0,0,0,0,0,0,0,9,9,9,9,9,9,,9,9,9,9,0,0,0,0,0,0,0,0,0,0,0,0,0,0,0,0,0,0,0,0,0,0,0,0,0,0,,05,CHICKEN WINGS HERBS/KG,,,,,,,0,0,0,0,0
3120,,0,0,1,1,1,0,0,0,0,0,0,0,1,0,0,0,25995,17,0,9,21,3312000000,,0,9,997,0,65,0,65,0,0,0,0,1,1,0,0,0,0,0,0,0,0,0,0,0,0,0,0,0,0,0,0,0,0,0,0,0,0,0,9,9,9,9,9,9,,9,9,9,9,0,0,0,0,0,0,0,0,0,0,0,0,0,0,0,0,0,0,0,0,0,0,0,0,0,0,,05,CHICKEN SKEWERS CURRY/KG,,,,,,,0,0,0,0,0
3125,,0,0,1,1,1,0,0,0,0,0,0,0,1,0,0,0,10495,17,0,9,21,3312500000,,0,9,997,0,65,0,65,0,0,0,0,1,1,0,0,0,0,0,0,0,0,0,0,0,0,0,0,0,0,0,0,0,0,0,0,0,0,0,9,9,9,9,9,9,,9,9,9,9,0,0,0,0,0,0,0,0,0,0,0,0,0,0,0,0,0,0,0,0,0,0,0,0,0,0,,05,CHICKEN WINGS TANDOORI/KG,,,,,,,0,0,0,0,0
3126,,0,0,1,1,1,0,0,0,0,0,0,0,1,0,0,0,25995,17,0,9,21,3312600000,,0,9,997,0,65,0,65,0,0,0,0,1,1,0,0,0,0,0,0,0,0,0,0,0,0,0,0,0,0,0,0,0,0,0,0,0,0,0,9,9,9,9,9,9,,9,9,9,9,0,0,0,0,0,0,0,0,0,0,0,0,0,0,0,0,0,0,0,0,0,0,0,0,0,0,,05,CHICKEN ESCALOPE BREADED/KG,,,,,,,0,0,0,0,0
3127,,0,0,1,1,1,0,0,0,0,0,0,0,1,0,0,0,25995,17,0,9,21,3312700000,,0,9,997,0,65,0,65,0,0,0,0,1,1,0,0,0,0,0,0,0,0,0,0,0,0,0,0,0,0,0,0,0,0,0,0,0,0,0,9,9,9,9,9,9,,9,9,9,9,0,0,0,0,0,0,0,0,0,0,0,0,0,0,0,0,0,0,0,0,0,0,0,0,0,0,,05,CHICKEN FILLET MARINATED 052,,,,,,,0,0,0,0,0
3128,,0,0,1,1,1,0,0,0,0,0,0,0,1,0,0,0,27595,17,0,9,21,3312800000,,0,9,997,0,65,0,65,0,0,0,0,1,1,0,0,0,0,0,0,0,0,0,0,0,0,0,0,0,0,0,0,0,0,0,0,0,0,0,9,9,9,9,9,9,,9,9,9,9,0,0,0,0,0,0,0,0,0,0,0,0,0,0,0,0,0,0,0,0,0,0,0,0,0,0,,05,CHICKEN SHISH MARINATED,,,,,,,0,0,0,0,0
3129,,0,0,1,1,1,0,0,0,0,0,0,0,1,0,0,0,15295,17,0,9,21,3312900000,,0,9,997,0,65,0,65,0,0,0,0,1,1,0,0,0,0,0,0,0,0,0,0,0,0,0,0,0,0,0,0,0,0,0,0,0,0,0,9,9,9,9,9,9,,9,9,9,9,0,0,0,0,0,0,0,0,0,0,0,0,0,0,0,0,0,0,0,0,0,0,0,0,0,0,,05,CHICKEN DRUMSTICK MARINATED,,,,,,,0,0,0,0,0
3130,,0,0,1,1,1,0,0,0,0,0,0,0,1,0,0,0,13695,17,0,9,21,3313000000,,0,9,997,0,65,0,65,0,0,0,0,1,1,0,0,0,0,0,0,0,0,0,0,0,0,0,0,0,0,0,0,0,0,0,0,0,0,0,9,9,9,9,9,9,,9,9,9,9,0,0,0,0,0,0,0,0,0,0,0,0,0,0,0,0,0,0,0,0,0,0,0,0,0,0,,05,CHICKEN LEG MARINATED,,,,,,,0,0,0,0,0
3199,,0,0,1,1,1,0,0,0,0,0,0,0,1,0,0,0,15395,17,0,9,21,3319900000,,0,9,997,0,65,0,65,0,0,0,0,1,1,0,0,0,0,0,0,0,0,0,0,0,0,0,0,0,0,0,0,0,0,0,0,0,0,0,9,9,9,9,9,9,,9,9,9,9,0,0,0,0,0,0,0,0,0,0,0,0,0,0,0,0,0,0,0,0,0,0,0,0,0,0,,05,WHOLE CHICKEN /KG,,,,,,,0,0,0,0,0
3200,,0,0,1,1,1,0,0,0,0,0,0,0,1,0,0,0,50295,17,0,9,21,3320000000,,0,9,997,0,67,0,67,0,0,0,0,1,1,0,0,0,0,0,0,0,0,0,0,0,0,0,0,0,0,0,0,0,0,0,0,0,0,0,9,9,9,9,9,9,,9,9,9,9,0,0,0,0,0,0,0,0,0,0,0,0,0,0,0,0,0,0,0,0,0,0,0,0,0,0,,05,BEEF PEPPER STEAK,,,,,,,0,0,0,0,0
3201,,0,0,1,1,1,0,0,0,0,0,0,0,1,0,0,0,49895,17,0,9,21,3320100000,,0,9,997,0,67,0,67,0,0,0,0,1,1,0,0,0,0,0,0,0,0,0,0,0,0,0,0,0,0,0,0,0,0,0,0,0,0,0,9,9,9,9,9,9,,9,9,9,9,0,0,0,0,0,0,0,0,0,0,0,0,0,0,0,0,0,0,0,0,0,0,0,0,0,0,,05,BEEF ESCALOPE BREADED,,,,,,,0,0,0,0,0
3202,,0,0,1,1,1,0,0,0,0,0,0,0,1,0,0,0,35995,17,0,9,21,3320200000,,0,9,997,0,67,0,67,0,0,0,0,1,1,0,0,0,0,0,0,0,0,0,0,0,0,0,0,0,0,0,0,0,0,0,0,0,0,0,9,9,9,9,9,9,,9,9,9,9,0,0,0,0,0,0,0,0,0,0,0,0,0,0,0,0,0,0,0,0,0,0,0,0,0,0,,05,BEEF SAUSAGE,,,,,,,0,0,0,0,0
3203,,0,0,1,1,1,0,0,0,0,0,0,0,1,0,0,0,35995,17,0,9,21,3320300000,,0,9,997,0,67,0,67,0,0,0,0,1,1,0,0,0,0,0,0,0,0,0,0,0,0,0,0,0,0,0,0,0,0,0,0,0,0,0,9,9,9,9,9,9,,9,9,9,9,0,0,0,0,0,0,0,0,0,0,0,0,0,0,0,0,0,0,0,0,0,0,0,0,0,0,,05,BEEF BURGER,,,,,,,0,0,0,0,0
3204,,0,0,1,1,1,0,0,0,0,0,0,0,1,0,0,0,44995,17,0,9,21,3320400000,,0,9,997,0,67,0,67,0,0,0,0,1,1,0,0,0,0,0,0,0,0,0,0,0,0,0,0,0,0,0,0,0,0,0,0,0,0,0,9,9,9,9,9,9,,9,9,9,9,0,0,0,0,0,0,0,0,0,0,0,0,0,0,0,0,0,0,0,0,0,0,0,0,0,0,,05,BEEF SAUSAGE LOW FAT,,,,,,,0,0,0,0,0
3205,,0,0,1,1,1,0,0,0,0,0,0,0,1,0,0,0,39995,17,0,9,21,3320500000,,0,9,997,0,67,0,67,0,0,0,0,1,1,0,0,0,0,0,0,0,0,0,0,0,0,0,0,0,0,0,0,0,0,0,0,0,0,0,9,9,9,9,9,9,,9,9,9,9,0,0,0,0,0,0,0,0,0,0,0,0,0,0,0,0,0,0,0,0,0,0,0,0,0,0,,05,BEEF KOFTA,,,,,,,0,0,0,0,0
3210,,0,0,1,1,1,0,0,0,0,0,0,0,1,0,0,0,49995,17,0,9,21,3321000000,,0,9,997,0,67,0,67,0,0,0,0,1,1,0,0,0,0,0,0,0,0,0,0,0,0,0,0,0,0,0,0,0,0,0,0,0,0,0,9,9,9,9,9,9,,9,9,9,9,0,0,0,0,0,0,0,0,0,0,0,0,0,0,0,0,0,0,0,0,0,0,0,0,0,0,,05,BEEF ENTRECOTE MARINATED,,,,,,,0,0,0,0,0
3211,,0,0,1,1,1,0,0,0,0,0,0,0,1,0,0,0,51795,17,0,9,21,3321100000,,0,9,997,0,67,0,67,0,0,0,0,1,1,0,0,0,0,0,0,0,0,0,0,0,0,0,0,0,0,0,0,0,0,0,0,0,0,0,9,9,9,9,9,9,,9,9,9,9,0,0,0,0,0,0,0,0,0,0,0,0,0,0,0,0,0,0,0,0,0,0,0,0,0,0,,05,BEEF SKEWER,,,,,,,0,0,0,0,0
3262,,0,0,1,1,1,0,0,0,0,0,0,0,1,0,0,0,7995,17,0,9,21,3326200000,,0,9,997,0,71,0,71,0,0,0,0,1,1,0,0,0,0,0,0,0,0,0,0,0,0,0,0,0,0,0,0,0,0,0,0,0,0,0,9,9,9,9,9,9,,9,9,9,9,0,0,0,0,0,0,0,0,0,0,0,0,0,0,0,0,0,0,0,0,0,0,0,0,0,0,,05,FAT,,,,,,,0,0,0,0,0
3266,,0,0,1,1,1,0,0,0,0,0,0,0,1,0,0,0,1495,17,0,9,21,3326600000,,0,9,997,0,71,0,71,0,0,0,0,1,1,0,0,0,0,0,0,0,0,0,0,0,0,0,0,0,0,0,0,0,0,0,0,0,0,0,9,9,9,9,9,9,,9,9,9,9,0,0,0,0,0,0,0,0,0,0,0,0,0,0,0,0,0,0,0,0,0,0,0,0,0,0,,05,BONES,,,,,,,0,0,0,0,0
3279,,0,0,1,1,1,0,0,0,0,0,0,0,1,0,0,0,45995,17,0,9,21,3327900000,,0,9,997,0,67,0,67,0,0,0,0,1,1,0,0,0,0,0,0,0,0,0,0,0,0,0,0,0,0,0,0,0,0,0,0,0,0,0,9,9,9,9,9,9,,9,9,9,9,0,0,0,0,0,0,0,0,0,0,0,0,0,0,0,0,0,0,0,0,0,0,0,0,0,0,,05,BAL BEEF MINCE LOW FAT,,,,,,,0,0,0,0,0
3280,,0,0,1,1,1,0,0,0,0,0,0,0,1,0,0,0,43995,17,0,9,21,3328000000,,0,9,997,0,71,0,71,0,0,0,0,1,1,0,0,0,0,0,0,0,0,0,0,0,0,0,0,0,0,0,0,0,0,0,0,0,0,0,9,9,9,9,9,9,,9,9,9,9,0,0,0,0,0,0,0,0,0,0,0,0,0,0,0,0,0,0,0,0,0,0,0,0,0,0,,05,OXTAIL,,,,,,,0,0,0,0,0
3281,,0,0,1,1,1,0,0,0,0,0,0,0,1,0,0,0,47995,17,0,9,21,3328100000,,0,9,997,0,71,0,71,0,0,0,0,1,1,0,0,0,0,0,0,0,0,0,0,0,0,0,0,0,0,0,0,0,0,0,0,0,0,0,9,9,9,9,9,9,,9,9,9,9,0,0,0,0,0,0,0,0,0,0,0,0,0,0,0,0,0,0,0,0,0,0,0,0,0,0,,05,BAL BEEF STROGANOFF,,,,,,,0,0,0,0,0
3282,,0,0,1,1,1,0,0,0,0,0,0,0,1,0,0,0,47995,17,0,9,21,3328200000,,0,9,997,0,71,0,71,0,0,0,0,1,1,0,0,0,0,0,0,0,0,0,0,0,0,0,0,0,0,0,0,0,0,0,0,0,0,0,9,9,9,9,9,9,,9,9,9,9,0,0,0,0,0,0,0,0,0,0,0,0,0,0,0,0,0,0,0,0,0,0,0,0,0,0,,05,BAL BEEF FOUNDO,,,,,,,0,0,0,0,0
3283,,0,0,1,1,1,0,0,0,0,0,0,0,1,0,0,0,56995,17,0,9,21,3328300000,,0,9,997,0,71,0,71,0,0,0,0,1,1,0,0,0,0,0,0,0,0,0,0,0,0,0,0,0,0,0,0,0,0,0,0,0,0,0,9,9,9,9,9,9,,9,9,9,9,0,0,0,0,0,0,0,0,0,0,0,0,0,0,0,0,0,0,0,0,0,0,0,0,0,0,,05,BAL BEEF FILLET,,,,,,,0,0,0,0,0
3284,,0,0,1,1,1,0,0,0,0,0,0,0,1,0,0,0,40995,17,0,9,21,3328400000,,0,9,997,0,71,0,71,0,0,0,0,1,1,0,0,0,0,0,0,0,0,0,0,0,0,0,0,0,0,0,0,0,0,0,0,0,0,0,9,9,9,9,9,9,,9,9,9,9,0,0,0,0,0,0,0,0,0,0,0,0,0,0,0,0,0,0,0,0,0,0,0,0,0,0,,05,BAL BEEF RIBEYE,,,,,,,0,0,0,0,0
3285,,0,0,1,1,1,0,0,0,0,0,0,0,1,0,0,0,47995,17,0,9,21,3328500000,,0,9,997,0,71,0,71,0,0,0,0,1,1,0,0,0,0,0,0,0,0,0,0,0,0,0,0,0,0,0,0,0,0,0,0,0,0,0,9,9,9,9,9,9,,9,9,9,9,0,0,0,0,0,0,0,0,0,0,0,0,0,0,0,0,0,0,0,0,0,0,0,0,0,0,,05,BAL BEEF ENTRECOTE,,,,,,,0,0,0,0,0
3286,,0,0,1,1,1,0,0,0,0,0,0,0,1,0,0,0,40995,17,0,9,21,3328600000,,0,9,997,0,71,0,71,0,0,0,0,1,1,0,0,0,0,0,0,0,0,0,0,0,0,0,0,0,0,0,0,0,0,0,0,0,0,0,9,9,9,9,9,9,,9,9,9,9,0,0,0,0,0,0,0,0,0,0,0,0,0,0,0,0,0,0,0,0,0,0,0,0,0,0,,05,BAL BEEF ESCALOPE,,,,,,,0,0,0,0,0
3287,,0,0,1,1,1,0,0,0,0,0,0,0,1,0,0,0,47995,17,0,9,21,3328700000,,0,9,997,0,71,0,71,0,0,0,0,1,1,0,0,0,0,0,0,0,0,0,0,0,0,0,0,0,0,0,0,0,0,0,0,0,0,0,9,9,9,9,9,9,,9,9,9,9,0,0,0,0,0,0,0,0,0,0,0,0,0,0,0,0,0,0,0,0,0,0,0,0,0,0,,05,BAL BEEF TOPSIDE,,,,,,,0,0,0,0,0
3288,,0,0,1,1,1,0,0,0,0,0,0,0,1,0,0,0,44995,17,0,9,21,3328800000,,0,9,997,0,71,0,71,0,0,0,0,1,1,0,0,0,0,0,0,0,0,0,0,0,0,0,0,0,0,0,0,0,0,0,0,0,0,0,9,9,9,9,9,9,,9,9,9,9,0,0,0,0,0,0,0,0,0,0,0,0,0,0,0,0,0,0,0,0,0,0,0,0,0,0,,05,BAL BEEF SHANK,,,,,,,0,0,0,0,0
3289,,0,0,1,1,1,0,0,0,0,0,0,0,1,0,0,0,47995,17,0,9,21,3328900000,,0,9,997,0,71,0,71,0,0,0,0,1,1,0,0,0,0,0,0,0,0,0,0,0,0,0,0,0,0,0,0,0,0,0,0,0,0,0,9,9,9,9,9,9,,9,9,9,9,0,0,0,0,0,0,0,0,0,0,0,0,0,0,0,0,0,0,0,0,0,0,0,0,0,0,,05,BAL BEEF RIBS,,,,,,,0,0,0,0,0
3290,,0,0,1,1,1,0,0,0,0,0,0,0,1,0,0,0,47995,17,0,9,21,3329000000,,0,9,997,0,71,0,71,0,0,0,0,1,1,0,0,0,0,0,0,0,0,0,0,0,0,0,0,0,0,0,0,0,0,0,0,0,0,0,9,9,9,9,9,9,,9,9,9,9,0,0,0,0,0,0,0,0,0,0,0,0,0,0,0,0,0,0,0,0,0,0,0,0,0,0,,05,BAL BEEF RUMP,,,,,,,0,0,0,0,0
3291,,0,0,1,1,1,0,0,0,0,0,0,0,1,0,0,0,47995,17,0,9,21,3329100000,,0,9,997,0,71,0,71,0,0,0,0,1,1,0,0,0,0,0,0,0,0,0,0,0,0,0,0,0,0,0,0,0,0,0,0,0,0,0,9,9,9,9,9,9,,9,9,9,9,0,0,0,0,0,0,0,0,0,0,0,0,0,0,0,0,0,0,0,0,0,0,0,0,0,0,,05,BAL BEEF T-BONE,,,,,,,0,0,0,0,0
3292,,0,0,1,1,1,0,0,0,0,0,0,0,1,0,0,0,32995,17,0,9,21,3329200000,,0,9,997,0,71,0,71,0,0,0,0,1,1,0,0,0,0,0,0,0,0,0,0,0,0,0,0,0,0,0,0,0,0,0,0,0,0,0,9,9,9,9,9,9,,9,9,9,9,0,0,0,0,0,0,0,0,0,0,0,0,0,0,0,0,0,0,0,0,0,0,0,0,0,0,,05,BAL BEEF CUBES,,,,,,,0,0,0,0,0
3293,,0,0,1,1,1,0,0,0,0,0,0,0,1,0,0,0,47495,17,0,9,21,3329300000,,0,9,997,0,71,0,71,0,0,0,0,1,1,0,0,0,0,0,0,0,0,0,0,0,0,0,0,0,0,0,0,0,0,0,0,0,0,0,9,9,9,9,9,9,,9,9,9,9,0,0,0,0,0,0,0,0,0,0,0,0,0,0,0,0,0,0,0,0,0,0,0,0,0,0,,05,BAL BEEF KNUCKLE,,,,,,,0,0,0,0,0
3294,,0,0,1,1,1,0,0,0,0,0,0,0,1,0,0,0,47495,17,0,9,21,3329400000,,0,9,997,0,71,0,71,0,0,0,0,1,1,0,0,0,0,0,0,0,0,0,0,0,0,0,0,0,0,0,0,0,0,0,0,0,0,0,9,9,9,9,9,9,,9,9,9,9,0,0,0,0,0,0,0,0,0,0,0,0,0,0,0,0,0,0,0,0,0,0,0,0,0,0,,05,BAL BEEF SILVERSIDE,,,,,,,0,0,0,0,0
3295,,0,0,1,1,1,0,0,0,0,0,0,0,1,0,0,0,41995,17,0,9,21,3329500000,,0,9,997,0,71,0,71,0,0,0,0,1,1,0,0,0,0,0,0,0,0,0,0,0,0,0,0,0,0,0,0,0,0,0,0,0,0,0,9,9,9,9,9,9,,9,9,9,9,0,0,0,0,0,0,0,0,0,0,0,0,0,0,0,0,0,0,0,0,0,0,0,0,0,0,,05,BAL BEEF CUBES LOW FAT,,,,,,,0,0,0,0,0
3296,,0,0,1,1,1,0,0,0,0,0,0,0,1,0,0,0,49500,17,0,9,21,3329600000,,0,9,997,0,71,0,71,0,0,0,0,1,1,0,0,0,0,0,0,0,0,0,0,0,0,0,0,0,0,0,0,0,0,0,0,0,0,0,9,9,9,9,9,9,,9,9,9,9,0,0,0,0,0,0,0,0,0,0,0,0,0,0,0,0,0,0,0,0,0,0,0,0,0,0,,05,BAL BEEF BAVETTE,,,,,,,0,0,0,0,0
3297,,0,0,1,1,1,0,0,0,0,0,0,0,1,0,0,0,45995,17,0,9,21,3329700000,,0,9,997,0,71,0,71,0,0,0,0,1,1,0,0,0,0,0,0,0,0,0,0,0,0,0,0,0,0,0,0,0,0,0,0,0,0,0,9,9,9,9,9,9,,9,9,9,9,0,0,0,0,0,0,0,0,0,0,0,0,0,0,0,0,0,0,0,0,0,0,0,0,0,0,,05,BAL BEEF NECK,,,,,,,0,0,0,0,0
3298,,0,0,1,1,1,0,0,0,0,0,0,0,1,0,0,0,47995,17,0,9,21,3329800000,,0,9,997,0,71,0,71,0,0,0,0,1,1,0,0,0,0,0,0,0,0,0,0,0,0,0,0,0,0,0,0,0,0,0,0,0,0,0,9,9,9,9,9,9,,9,9,9,9,0,0,0,0,0,0,0,0,0,0,0,0,0,0,0,0,0,0,0,0,0,0,0,0,0,0,,05,BAL BEEF SHANK BONE IN,,,,,,,0,0,0,0,0
3299,,0,0,1,1,1,0,0,0,0,0,0,0,1,0,0,0,53995,17,0,9,21,3329900000,,0,9,997,0,71,0,71,0,0,0,0,1,1,0,0,0,0,0,0,0,0,0,0,0,0,0,0,0,0,0,0,0,0,0,0,0,0,0,9,9,9,9,9,9,,9,9,9,9,0,0,0,0,0,0,0,0,0,0,0,0,0,0,0,0,0,0,0,0,0,0,0,0,0,0,,05,BAL BEEF ROAST,,,,,,,0,0,0,0,0
3301,,0,0,1,1,1,0,0,0,0,0,0,0,1,0,0,0,42095,17,0,9,21,3330100000,,0,9,997,0,71,0,71,0,0,0,0,1,1,0,0,0,0,0,0,0,0,0,0,0,0,0,0,0,0,0,0,0,0,0,0,0,0,0,9,9,9,9,9,9,,9,9,9,9,0,0,0,0,0,0,0,0,0,0,0,0,0,0,0,0,0,0,0,0,0,0,0,0,0,0,,05,BEEF RIBS SHORT,,,,,,,0,0,0,0,0
3302,,0,0,1,1,1,0,0,0,0,0,0,0,1,0,0,0,35995,17,0,9,21,3330200000,,0,9,997,0,67,0,67,0,0,0,0,1,1,0,0,0,0,0,0,0,0,0,0,0,0,0,0,0,0,0,0,0,0,0,0,0,0,0,9,9,9,9,9,9,,9,9,9,9,0,0,0,0,0,0,0,0,0,0,0,0,0,0,0,0,0,0,0,0,0,0,0,0,0,0,,05,BAL BEEF MINCE,,,,,,,0,0,0,0,0
3303,,0,0,1,1,1,0,0,0,0,0,0,0,1,0,0,0,45995,17,0,9,21,3330300000,,0,9,997,0,71,0,71,0,0,0,0,1,1,0,0,0,0,0,0,0,0,0,0,0,0,0,0,0,0,0,0,0,0,0,0,0,0,0,9,9,9,9,9,9,,9,9,9,9,0,0,0,0,0,0,0,0,0,0,0,0,0,0,0,0,0,0,0,0,0,0,0,0,0,0,,05,BALBEEF BRISKET,,,,,,,0,0,0,0,0
3304,,0,0,1,1,1,0,0,0,0,0,0,0,1,0,0,0,58095,17,0,9,21,3330400000,,0,9,997,0,67,0,67,0,0,0,0,1,1,0,0,0,0,0,0,0,0,0,0,0,0,0,0,0,0,0,0,0,0,0,0,0,0,0,9,9,9,9,9,9,,9,9,9,9,0,0,0,0,0,0,0,0,0,0,0,0,0,0,0,0,0,0,0,0,0,0,0,0,0,0,,05,BAL BEEF MINCEPROMO,,,,,,,0,0,0,0,0
3350,,0,0,1,1,1,0,0,0,0,0,0,0,1,0,0,0,59495,17,0,9,21,3335000000,,0,9,997,0,71,0,71,0,0,0,0,1,1,0,0,0,0,0,0,0,0,0,0,0,0,0,0,0,0,0,0,0,0,0,0,0,0,0,9,9,9,9,9,9,,9,9,9,9,0,0,0,0,0,0,0,0,0,0,0,0,0,0,0,0,0,0,0,0,0,0,0,0,0,0,,05,BAL LAMB SHORT LEG,,,,,,,0,0,0,0,0
3352,,0,0,1,1,1,0,0,0,0,0,0,0,1,0,0,0,59995,17,0,9,21,3335200000,,0,9,997,0,71,0,71,0,0,0,0,1,1,0,0,0,0,0,0,0,0,0,0,0,0,0,0,0,0,0,0,0,0,0,0,0,0,0,9,9,9,9,9,9,,9,9,9,9,0,0,0,0,0,0,0,0,0,0,0,0,0,0,0,0,0,0,0,0,0,0,0,0,0,0,,05,BAL LAMB RACK,,,,,,,0,0,0,0,0
3353,,0,0,1,1,1,0,0,0,0,0,0,0,1,0,0,0,57195,17,0,9,21,3335300000,,0,9,997,0,71,0,71,0,0,0,0,1,1,0,0,0,0,0,0,0,0,0,0,0,0,0,0,0,0,0,0,0,0,0,0,0,0,0,9,9,9,9,9,9,,9,9,9,9,0,0,0,0,0,0,0,0,0,0,0,0,0,0,0,0,0,0,0,0,0,0,0,0,0,0,,05,BAL LAMB LEG,,,,,,,0,0,0,0,0
3354,,0,0,1,1,1,0,0,0,0,0,0,0,1,0,0,0,44995,17,0,9,21,3335400000,,0,9,997,0,71,0,71,0,0,0,0,1,1,0,0,0,0,0,0,0,0,0,0,0,0,0,0,0,0,0,0,0,0,0,0,0,0,0,9,9,9,9,9,9,,9,9,9,9,0,0,0,0,0,0,0,0,0,0,0,0,0,0,0,0,0,0,0,0,0,0,0,0,0,0,,05,BAL LAMB SHOULDER,,,,,,,0,0,0,0,0
3355,,0,0,1,1,1,0,0,0,0,0,0,0,1,0,0,0,44995,17,0,9,21,3335500000,,0,9,997,0,71,0,71,0,0,0,0,1,1,0,0,0,0,0,0,0,0,0,0,0,0,0,0,0,0,0,0,0,0,0,0,0,0,0,9,9,9,9,9,9,,9,9,9,9,0,0,0,0,0,0,0,0,0,0,0,0,0,0,0,0,0,0,0,0,0,0,0,0,0,0,,05,BAL LAMB NECK,,,,,,,0,0,0,0,0
3356,,0,0,1,1,1,0,0,0,0,0,0,0,1,0,0,0,47995,17,0,9,21,3335600000,,0,9,997,0,71,0,71,0,0,0,0,1,1,0,0,0,0,0,0,0,0,0,0,0,0,0,0,0,0,0,0,0,0,0,0,0,0,0,9,9,9,9,9,9,,9,9,9,9,0,0,0,0,0,0,0,0,0,0,0,0,0,0,0,0,0,0,0,0,0,0,0,0,0,0,,05,BAL LAMB RIBS,,,,,,,0,0,0,0,0
3357,,0,0,1,1,1,0,0,0,0,0,0,0,1,0,0,0,59995,17,0,9,21,3335700000,,0,9,997,0,71,0,71,0,0,0,0,1,1,0,0,0,0,0,0,0,0,0,0,0,0,0,0,0,0,0,0,0,0,0,0,0,0,0,9,9,9,9,9,9,,9,9,9,9,0,0,0,0,0,0,0,0,0,0,0,0,0,0,0,0,0,0,0,0,0,0,0,0,0,0,,05,BAL LAMB RIBS FILLET,,,,,,,0,0,0,0,0
3358,,0,0,1,1,1,0,0,0,0,0,0,0,1,0,0,0,59995,17,0,9,21,3335800000,,0,9,997,0,71,0,71,0,0,0,0,1,1,0,0,0,0,0,0,0,0,0,0,0,0,0,0,0,0,0,0,0,0,0,0,0,0,0,9,9,9,9,9,9,,9,9,9,9,0,0,0,0,0,0,0,0,0,0,0,0,0,0,0,0,0,0,0,0,0,0,0,0,0,0,,05,BAL LAMB SHANK,,,,,,,0,0,0,0,0
3359,,0,0,1,1,1,0,0,0,0,0,0,0,1,0,0,0,54495,17,0,9,21,3335900000,,0,9,997,0,71,0,71,0,0,0,0,1,1,0,0,0,0,0,0,0,0,0,0,0,0,0,0,0,0,0,0,0,0,0,0,0,0,0,9,9,9,9,9,9,,9,9,9,9,0,0,0,0,0,0,0,0,0,0,0,0,0,0,0,0,0,0,0,0,0,0,0,0,0,0,,05,BAL LAMB BRISKET,,,,,,,0,0,0,0,0
3382,,0,0,1,1,1,0,0,0,0,0,0,0,1,0,0,0,7295,17,0,9,21,3338200000,,0,9,997,0,72,0,72,0,0,0,0,1,1,0,0,0,0,0,0,0,0,0,0,0,0,0,0,0,0,0,0,0,0,0,0,0,0,0,9,9,9,9,9,9,,9,9,9,9,0,0,0,0,0,0,0,0,0,0,0,0,0,0,0,0,0,0,0,0,0,0,0,0,0,0,,05,HALA CHICKEN LEGS LOOSE KG,,,,,,,0,0,0,0,0
3383,,0,0,1,1,1,0,0,0,0,0,0,0,1,0,0,0,99900,17,0,9,21,3338300000,,0,9,997,0,72,0,72,0,0,0,0,1,1,0,0,0,0,0,0,0,0,0,0,0,0,0,0,0,0,0,0,0,0,0,0,0,0,0,9,9,9,9,9,9,,9,9,9,9,0,0,0,0,0,0,0,0,0,0,0,0,0,0,0,0,0,0,0,0,0,0,0,0,0,0,,05,HALA CHICKEN WINGS LOOSE KG,,,,,,,0,0,0,0,0
3401,,0,0,1,1,1,0,0,0,0,0,0,0,1,0,0,0,41995,17,0,9,21,3340100000,,0,9,997,0,71,0,71,0,0,0,0,1,1,0,0,0,0,0,0,0,0,0,0,0,0,0,0,0,0,0,0,0,0,0,0,0,0,0,9,9,9,9,9,9,,9,9,9,9,0,0,0,0,0,0,0,0,0,0,0,0,0,0,0,0,0,0,0,0,0,0,0,0,0,0,,05,IM BEEF RIBEYE,,,,,,,0,0,0,0,0
3402,,0,0,1,1,1,0,0,0,0,0,0,0,1,0,0,0,39995,17,0,9,21,3340200000,,0,9,997,0,71,0,71,0,0,0,0,1,1,0,0,0,0,0,0,0,0,0,0,0,0,0,0,0,0,0,0,0,0,0,0,0,0,0,9,9,9,9,9,9,,9,9,9,9,0,0,0,0,0,0,0,0,0,0,0,0,0,0,0,0,0,0,0,0,0,0,0,0,0,0,,05,IM BEEF ENTRECOTE,,,,,,,0,0,0,0,0
3403,,0,0,1,1,1,0,0,0,0,0,0,0,1,0,0,0,39995,17,0,9,21,3340300000,,0,9,997,0,71,0,71,0,0,0,0,1,1,0,0,0,0,0,0,0,0,0,0,0,0,0,0,0,0,0,0,0,0,0,0,0,0,0,9,9,9,9,9,9,,9,9,9,9,0,0,0,0,0,0,0,0,0,0,0,0,0,0,0,0,0,0,0,0,0,0,0,0,0,0,,05,IM BEEF ESCALOPE,,,,,,,0,0,0,0,0
3405,,0,0,1,1,1,0,0,0,0,0,0,0,1,0,0,0,39995,17,0,9,21,3340500000,,0,9,997,0,71,0,71,0,0,0,0,1,1,0,0,0,0,0,0,0,0,0,0,0,0,0,0,0,0,0,0,0,0,0,0,0,0,0,9,9,9,9,9,9,,9,9,9,9,0,0,0,0,0,0,0,0,0,0,0,0,0,0,0,0,0,0,0,0,0,0,0,0,0,0,,05,IM BEEF SHANK,,,,,,,0,0,0,0,0
3409,,0,0,1,1,1,0,0,0,0,0,0,0,1,0,0,0,39995,17,0,9,21,3340900000,,0,9,997,0,71,0,71,0,0,0,0,1,1,0,0,0,0,0,0,0,0,0,0,0,0,0,0,0,0,0,0,0,0,0,0,0,0,0,9,9,9,9,9,9,,9,9,9,9,0,0,0,0,0,0,0,0,0,0,0,0,0,0,0,0,0,0,0,0,0,0,0,0,0,0,,05,IM BEEF CUBES,,,,,,,0,0,0,0,0
3410,,0,0,1,1,1,0,0,0,0,0,0,0,1,0,0,0,39995,17,0,9,21,3341000000,,0,9,997,0,71,0,71,0,0,0,0,1,1,0,0,0,0,0,0,0,0,0,0,0,0,0,0,0,0,0,0,0,0,0,0,0,0,0,9,9,9,9,9,9,,9,9,9,9,0,0,0,0,0,0,0,0,0,0,0,0,0,0,0,0,0,0,0,0,0,0,0,0,0,0,,05,IM BEEF KNUCKLE,,,,,,,0,0,0,0,0
3412,,0,0,1,1,1,0,0,0,0,0,0,0,1,0,0,0,35000,17,0,9,21,3341200000,,0,9,997,0,71,0,71,0,0,0,0,1,1,0,0,0,0,0,0,0,0,0,0,0,0,0,0,0,0,0,0,0,0,0,0,0,0,0,9,9,9,9,9,9,,9,9,9,9,0,0,0,0,0,0,0,0,0,0,0,0,0,0,0,0,0,0,0,0,0,0,0,0,0,0,,05,IM BEEF CUBES LOW FAT,,,,,,,0,0,0,0,0
3413,,0,0,1,1,1,0,0,0,0,0,0,0,1,0,0,0,41995,17,0,9,21,3341300000,,0,9,997,0,71,0,71,0,0,0,0,1,1,0,0,0,0,0,0,0,0,0,0,0,0,0,0,0,0,0,0,0,0,0,0,0,0,0,9,9,9,9,9,9,,9,9,9,9,0,0,0,0,0,0,0,0,0,0,0,0,0,0,0,0,0,0,0,0,0,0,0,0,0,0,,05,IM BEEF ROAST,,,,,,,0,0,0,0,0
3480,,0,0,1,1,1,0,0,0,0,0,0,0,1,0,0,0,31995,17,0,9,21,3348000000,,0,9,997,0,71,0,71,0,0,0,0,1,1,0,0,0,0,0,0,0,0,0,0,0,0,0,0,0,0,0,0,0,0,0,0,0,0,0,9,9,9,9,9,9,,9,9,9,9,0,0,0,0,0,0,0,0,0,0,0,0,0,0,0,0,0,0,0,0,0,0,0,0,0,0,,05,TESTICLES,,,,,,,0,0,0,0,0
3481,,0,0,1,1,1,0,0,0,0,0,0,0,1,0,0,0,47995,17,0,9,21,3348100000,,0,9,997,0,71,0,71,0,0,0,0,1,1,0,0,0,0,0,0,0,0,0,0,0,0,0,0,0,0,0,0,0,0,0,0,0,0,0,9,9,9,9,9,9,,9,9,9,9,0,0,0,0,0,0,0,0,0,0,0,0,0,0,0,0,0,0,0,0,0,0,0,0,0,0,,05,BAL BEEF LIVER-KIDNEYS-HEART,,,,,,,0,0,0,0,0
3482,,0,0,1,1,1,0,0,0,0,0,0,0,1,0,0,0,57195,17,0,9,21,3348200000,,0,9,997,0,71,0,71,0,0,0,0,1,1,0,0,0,0,0,0,0,0,0,0,0,0,0,0,0,0,0,0,0,0,0,0,0,0,0,9,9,9,9,9,9,,9,9,9,9,0,0,0,0,0,0,0,0,0,0,0,0,0,0,0,0,0,0,0,0,0,0,0,0,0,0,,05,BAL LAMB OFFALS,,,,,,,0,0,0,0,0
3484,,0,0,1,1,1,0,0,0,0,0,0,0,1,0,0,0,50295,17,0,9,21,3348400000,,0,9,997,0,71,0,71,0,0,0,0,1,1,0,0,0,0,0,0,0,0,0,0,0,0,0,0,0,0,0,0,0,0,0,0,0,0,0,9,9,9,9,9,9,,9,9,9,9,0,0,0,0,0,0,0,0,0,0,0,0,0,0,0,0,0,0,0,0,0,0,0,0,0,0,,05,BEEF LIVER SOLO,,,,,,,0,0,0,0,0
3489,,0,0,1,1,1,0,0,0,0,0,0,0,1,0,0,0,99900,17,0,9,21,3348900000,,0,9,997,0,72,0,72,0,0,0,0,1,1,0,0,0,0,0,0,0,0,0,0,0,0,0,0,0,0,0,0,0,0,0,0,0,0,0,9,9,9,9,9,9,,9,9,9,9,0,0,0,0,0,0,0,0,0,0,0,0,0,0,0,0,0,0,0,0,0,0,0,0,0,0,,05,BALADY BEEF FOREQUARTER VACUUM,,,,,,,0,0,0,0,0
3490,,0,0,1,1,1,0,0,0,0,0,0,0,1,0,0,0,99900,17,0,9,21,3349000000,,0,9,997,0,72,0,72,0,0,0,0,1,1,0,0,0,0,0,0,0,0,0,0,0,0,0,0,0,0,0,0,0,0,0,0,0,0,0,9,9,9,9,9,9,,9,9,9,9,0,0,0,0,0,0,0,0,0,0,0,0,0,0,0,0,0,0,0,0,0,0,0,0,0,0,,05,BALADY HINDQUARTER VACUUM,,,,,,,0,0,0,0,0
3491,,0,0,1,1,1,0,0,0,0,0,0,0,1,0,0,0,99900,17,0,9,21,3349100000,,0,9,997,0,72,0,72,0,0,0,0,1,1,0,0,0,0,0,0,0,0,0,0,0,0,0,0,0,0,0,0,0,0,0,0,0,0,0,9,9,9,9,9,9,,9,9,9,9,0,0,0,0,0,0,0,0,0,0,0,0,0,0,0,0,0,0,0,0,0,0,0,0,0,0,,05,BAL FLANK VACUUM,,,,,,,0,0,0,0,0
3500,,0,0,1,1,1,0,0,0,0,0,0,0,1,0,0,0,32400,17,0,9,21,3350000000,,0,9,997,0,67,0,67,0,0,0,0,1,1,0,0,0,0,0,0,0,0,0,0,0,0,0,0,0,0,0,0,0,0,0,0,0,0,0,9,9,9,9,9,9,,9,9,9,9,0,0,0,0,0,0,0,0,0,0,0,0,0,0,0,0,0,0,0,0,0,0,0,0,0,0,,05,IM BEEF MINCE,,,,,,,0,0,0,0,0
3501,,0,0,1,1,1,0,0,0,0,0,0,0,1,0,0,0,41995,17,0,9,21,3350100000,,0,9,997,0,67,0,67,0,0,0,0,1,1,0,0,0,0,0,0,0,0,0,0,0,0,0,0,0,0,0,0,0,0,0,0,0,0,0,9,9,9,9,9,9,,9,9,9,9,0,0,0,0,0,0,0,0,0,0,0,0,0,0,0,0,0,0,0,0,0,0,0,0,0,0,,05,IM MINCE LOW FAT,,,,,,,0,0,0,0,0
3808,,0,0,1,1,1,0,0,0,0,0,0,0,1,0,0,0,99900,17,0,9,21,3380800000,,0,9,997,0,72,0,72,0,0,0,0,1,1,0,0,0,0,0,0,0,0,0,0,0,0,0,0,0,0,0,0,0,0,0,0,0,0,0,9,9,9,9,9,9,,9,9,9,9,0,0,0,0,0,0,0,0,0,0,0,0,0,0,0,0,0,0,0,0,0,0,0,0,0,0,,05,BEEF LIVER 052,,,,,,,0,0,0,0,0
3820,,0,0,1,1,1,0,0,0,0,0,0,0,1,0,0,0,99900,17,0,9,21,3382000000,,0,9,997,0,72,0,72,0,0,0,0,1,1,0,0,0,0,0,0,0,0,0,0,0,0,0,0,0,0,0,0,0,0,0,0,0,0,0,9,9,9,9,9,9,,9,9,9,9,0,0,0,0,0,0,0,0,0,0,0,0,0,0,0,0,0,0,0,0,0,0,0,0,0,0,,05,BAL WHOLE REAR QUARTER,,,,,,,0,0,0,0,0
3864,,0,0,1,1,1,0,0,0,0,0,0,0,1,0,0,0,35495,17,0,9,21,3386400000,,0,9,997,0,65,0,65,0,0,0,0,1,1,0,0,0,0,0,0,0,0,0,0,0,0,0,0,0,0,0,0,0,0,0,0,0,0,0,9,9,9,9,9,9,,9,9,9,9,0,0,0,0,0,0,0,0,0,0,0,0,0,0,0,0,0,0,0,0,0,0,0,0,0,0,,05,TURKEY FILLET PURSHASE,,,,,,,0,0,0,0,0
3865,,0,0,1,1,1,0,0,0,0,0,0,0,1,0,0,0,19495,17,0,9,21,3386500000,,0,9,997,0,65,0,65,0,0,0,0,1,1,0,0,0,0,0,0,0,0,0,0,0,0,0,0,0,0,0,0,0,0,0,0,0,0,0,9,9,9,9,9,9,,9,9,9,9,0,0,0,0,0,0,0,0,0,0,0,0,0,0,0,0,0,0,0,0,0,0,0,0,0,0,,05,TURKEY LEGS/KG PURSHASE,,,,,,,0,0,0,0,0
3866,,0,0,1,1,1,0,0,0,0,0,0,0,1,0,0,0,15995,17,0,9,21,3386600000,,0,9,997,0,65,0,65,0,0,0,0,1,1,0,0,0,0,0,0,0,0,0,0,0,0,0,0,0,0,0,0,0,0,0,0,0,0,0,9,9,9,9,9,9,,9,9,9,9,0,0,0,0,0,0,0,0,0,0,0,0,0,0,0,0,0,0,0,0,0,0,0,0,0,0,,05,TURKEY WINGS/K PURSHASE,,,,,,,0,0,0,0,0
3867,,0,0,1,1,1,0,0,0,0,0,0,0,1,0,0,0,19495,17,0,9,21,3386700000,,0,9,997,0,65,0,65,0,0,0,0,1,1,0,0,0,0,0,0,0,0,0,0,0,0,0,0,0,0,0,0,0,0,0,0,0,0,0,9,9,9,9,9,9,,9,9,9,9,0,0,0,0,0,0,0,0,0,0,0,0,0,0,0,0,0,0,0,0,0,0,0,0,0,0,,05,TURKEY LIVER / PURSHASE,,,,,,,0,0,0,0,0
3868,,0,0,1,1,1,0,0,0,0,0,0,0,1,0,0,0,17995,17,0,9,21,3386800000,,0,9,997,0,65,0,65,0,0,0,0,1,1,0,0,0,0,0,0,0,0,0,0,0,0,0,0,0,0,0,0,0,0,0,0,0,0,0,9,9,9,9,9,9,,9,9,9,9,0,0,0,0,0,0,0,0,0,0,0,0,0,0,0,0,0,0,0,0,0,0,0,0,0,0,,05,TURKEY GIZZARD PURSHASE,,,,,,,0,0,0,0,0
3869,,0,0,1,1,1,0,0,0,0,0,0,0,1,0,0,0,15995,17,0,9,21,3386900000,,0,9,997,0,65,0,65,0,0,0,0,1,1,0,0,0,0,0,0,0,0,0,0,0,0,0,0,0,0,0,0,0,0,0,0,0,0,0,9,9,9,9,9,9,,9,9,9,9,0,0,0,0,0,0,0,0,0,0,0,0,0,0,0,0,0,0,0,0,0,0,0,0,0,0,,05,TURKEY NECK/KG PURSHASE,,,,,,,0,0,0,0,0
3870,,0,0,1,1,1,0,0,0,0,0,0,0,1,0,0,0,23995,17,0,9,21,3387000000,,0,9,997,0,65,0,65,0,0,0,0,1,1,0,0,0,0,0,0,0,0,0,0,0,0,0,0,0,0,0,0,0,0,0,0,0,0,0,9,9,9,9,9,9,,9,9,9,9,0,0,0,0,0,0,0,0,0,0,0,0,0,0,0,0,0,0,0,0,0,0,0,0,0,0,,05,WHOLE TURKEY K PURSHASE,,,,,,,0,0,0,0,0
3871,,0,0,1,1,1,0,0,0,0,0,0,0,1,0,0,0,99900,17,0,9,21,3387100000,,0,9,997,0,72,0,72,0,0,0,0,1,1,0,0,0,0,0,0,0,0,0,0,0,0,0,0,0,0,0,0,0,0,0,0,0,0,0,9,9,9,9,9,9,,9,9,9,9,0,0,0,0,0,0,0,0,0,0,0,0,0,0,0,0,0,0,0,0,0,0,0,0,0,0,,05,TURKEY DRUMSTICK PURSHASE,,,,,,,0,0,0,0,0
3999,,1,0,1,1,1,0,0,0,0,0,0,0,1,0,0,0,54155,17,0,9,22,3399900000,,0,9,997,0,67,0,67,0,0,0,0,1,1,0,0,0,0,0,0,0,0,0,0,0,0,0,0,0,0,0,0,0,0,0,0,0,0,0,9,9,9,9,9,9,,9,9,9,9,0,0,0,0,0,0,0,0,0,0,0,0,0,0,0,0,0,0,0,0,0,0,0,0,0,0,,05,TEST WEIGHT ITEMS,,,,,,,0,0,0,0,0
